location_id,location_name,location_director,location_street_number,location_street_name,locations_street_suffix,location_street_2_address,location_city,location_state,location_postal_code,opened_at,closed_on
41R3,,Henry Corcoran,5,Rutledge,Point,,Indianapolis,IN,46266,2006-09-27T01:46:34Z,
53Y1,,Thacher Pote,53253,Fieldstone,Court,,Orlando,FL,32885,2006-03-19T10:01:21Z,
64J8,,Sela Amiable,37,Boyd,Plaza,,Albany,NY,12205,1996-12-25T03:23:04Z,
58N7,,Rodger Dallman,886,Schlimgen,Plaza,3rd Floor,Charleston,WV,25331,2021-06-28T21:34:41Z,
96S7,,Erin D'Enrico,789,Burrows,Alley,,New York City,NY,10009,1999-05-31T18:38:29Z,
21X5,,Iseabal Sympson,034,Kim,Alley,,Minneapolis,MN,55417,2000-07-09T19:32:32Z,
51P0,,Demetri Thirst,29,Surrey,Circle,,Corpus Christi,TX,78410,2014-12-04T03:01:34Z,
73M8,,Shep Winfield,6,Morning,Avenue,,Shawnee Mission,KS,66215,2010-05-09T12:19:57Z,
49U4,,Ollie Rhubottom,8207,Nelson,Trail,5th Floor,Birmingham,AL,35242,2018-04-23T18:03:29Z,
99D9,,Franzen Hanretty,96,Blaine,Trail,,Kansas City,KS,66105,2004-11-05T14:57:32Z,
85N1,,Kesley Heine,950,Vidon,Drive,,Milwaukee,WI,53263,2010-07-08T16:46:58Z,
01B9,,Anna-diana Cosson,068,Cherokee,Trail,,Stamford,CT,06912,2019-01-18T03:07:23Z,
08X2,,Kennan Trevorrow,696,Maryland,Road,,New Orleans,LA,70124,2009-07-29T14:15:41Z,
91P6,,Brade Smeaton,8,Amoth,Center,3rd Floor,Albany,NY,12247,2020-05-10T16:42:36Z,
21O5,,Leeanne Methringham,9,Stang,Trail,,Washington,DC,20310,1999-05-27T06:24:43Z,
10A8,,Gerik Bullon,5062,Ridgeview,Way,,Grand Junction,CO,81505,2011-07-01T09:09:22Z,
93S9,,Roxanna Blacklawe,46,Rusk,Terrace,3rd Floor,Las Vegas,NV,89120,2013-04-10T19:19:49Z,
68K9,,Tammie Siehard,92,Saint Paul,Drive,,Monticello,MN,55565,1999-08-23T17:34:41Z,
74K0,,Tammie Laye,49,Dwight,Plaza,,Charleston,WV,25305,2020-12-22T03:03:07Z,
70W2,,Jess Cristofolini,3744,Green,Drive,,Washington,DC,20078,1996-01-29T03:30:06Z,
65H0,,Clare McPhail,7410,Mendota,Plaza,,New Orleans,LA,70165,2019-09-01T17:41:17Z,
13Y8,,Elaine Atthow,41,Grover,Parkway,,New Orleans,LA,70154,2007-04-12T06:47:12Z,
23Q8,,Husein Kinny,62544,Coleman,Center,,Youngstown,OH,44505,2016-12-20T11:31:27Z,
29H0,,Kissiah Caruth,79,Sycamore,Parkway,Suite 900,Duluth,GA,30096,2018-09-04T05:41:40Z,
28K2,,Dave Mauchline,84190,Hoffman,Lane,,Merrifield,VA,22119,2014-08-15T20:45:48Z,
48A9,,Darlleen Flipsen,1,Helena,Point,3rd Floor,Charlotte,NC,28256,2021-11-14T12:31:50Z,2010-06-30T19:41:16Z
79C6,,Nico Gaffon,56420,Amoth,Park,Apartment 215,Pensacola,FL,32590,2018-06-18T13:01:03Z,
11P4,,Meridith Mighele,1285,Rieder,Court,,Winston Salem,NC,27116,1999-07-17T01:56:33Z,
80A7,,Oneida Axtens,346,Pennsylvania,Terrace,,Seattle,WA,98104,2015-01-05T15:40:23Z,
45A9,,Krystal Ollerhad,3284,Bowman,Way,,Austin,TX,78759,2005-01-24T21:32:03Z,
07V0,,Lamond Tudgay,2957,Buhler,Lane,,Pasadena,CA,91109,1997-03-14T17:41:08Z,
58P8,,Arron Kittel,350,Trailsway,Lane,suite 200,Tulsa,OK,74193,2014-01-05T18:01:03Z,2008-01-03T21:37:55Z
53Q0,,Phedra Padly,33817,Golf,Avenue,,Tucson,AZ,85720,1999-01-15T17:30:14Z,
34B9,,Gerri Iveans,746,Burning Wood,Park,Apartment 215,Houston,TX,77223,2003-12-13T13:46:47Z,
18V3,,Darsie Hemphall,93,Fordem,Court,,Washington,DC,20051,2019-03-16T07:52:00Z,
94N2,,Shanna Mansford,5,Melvin,Way,,Concord,CA,94522,2018-11-15T03:55:50Z,
98H8,,Delcine Geffen,8968,Lunder,Place,Suite 900,Columbus,GA,31998,2000-06-14T17:40:31Z,
53N0,,Jillana Chatelot,6806,Bartillon,Lane,,Saint Petersburg,FL,33705,2021-07-02T15:10:39Z,
67R3,,Nissy Olner,7,Autumn Leaf,Hill,,Stamford,CT,06905,2018-11-08T15:21:17Z,
32E8,,Chilton Tattersall,7,Farragut,Pass,,Washington,DC,20420,2021-10-28T05:03:50Z,
31X1,,Towny Kahane,4417,Sycamore,Park,,Homestead,FL,33034,2002-01-01T20:21:24Z,
85R5,,Cacilie Tours,1,Red Cloud,Parkway,5th Floor,Washington,DC,20016,2003-11-05T09:29:16Z,
47F9,,Becka Fike,67,Macpherson,Lane,,New York City,NY,10170,2003-09-08T09:15:43Z,
96K4,,Rufe Rubertelli,90580,Artisan,Pass,,Cedar Rapids,IA,52405,2009-02-15T04:26:33Z,
53T1,,Marcy Mattys,6266,Del Mar,Drive,,San Jose,CA,95138,2010-01-19T18:42:41Z,
77X7,,Mirabelle Bellsham,543,Londonderry,Court,,Fort Myers,FL,33994,2004-02-23T15:30:57Z,
65O8,,Jonie Keneford,014,Hauk,Plaza,,Miami,FL,33164,2000-04-20T12:55:53Z,
78A1,,Reena Dismore,81,Everett,Way,,San Jose,CA,95138,2003-08-02T16:36:27Z,
75E0,,Isac Micklewicz,544,Warner,Center,,Las Vegas,NV,89115,1997-12-29T22:47:31Z,
81N0,,Stanislas Duffit,1,Reinke,Center,,Wichita,KS,67220,1996-10-01T15:46:27Z,
10A1,,Kara Rafter,4906,Darwin,Avenue,,Charlotte,NC,28272,2001-01-05T21:33:11Z,
21T3,,Karla Wederell,355,Eliot,Trail,,Seminole,FL,34642,2018-09-28T19:24:30Z,
47M1,,Philis Tebald,882,Spohn,Alley,,Chicago,IL,60636,2010-08-10T14:54:25Z,
60Z2,,Haleigh Colliar,5448,Messerschmidt,Center,,Pasadena,CA,91131,2009-12-12T21:30:56Z,
00S0,,Margarethe Hyndson,0,Mcbride,Parkway,,Evansville,IN,47719,2000-09-07T09:35:11Z,
13M2,,Nanete Antcliff,69046,Lawn,Terrace,,Erie,PA,16522,2006-02-04T12:53:37Z,
75O0,,Darcy Hannum,085,Valley Edge,Drive,,Pittsburgh,PA,15266,2015-05-22T01:16:37Z,
80L6,,Tiena Scurlock,4499,Talisman,Lane,,Montgomery,AL,36195,2009-08-09T11:35:59Z,
47O1,,Andrei Croan,031,Butternut,Pass,,Saint Louis,MO,63158,2021-08-29T23:50:22Z,
72E3,,Krysta Rivaland,788,Blue Bill Park,Parkway,,Fairfield,CT,06825,2008-07-27T05:13:17Z,
